<manifest><control namespace="PcfAcademy" constructor="FieldFindText" version="0.0.1" display-name-key="FieldFindText" description-key="FieldFindText description" control-type="virtual" api-version="1.3.9"><external-service-usage enabled="false" /><property name="entity" display-name-key="entity_Display_Key" description-key="Entidade desejada" of-type="SingleLine.Text" usage="bound" required="true" /><property name="attribute" display-name-key="attribute_Display_Key" description-key="Atributo desejado" of-type="SingleLine.Text" usage="bound" required="true" /><resources><code path="bundle.js" order="1" /><platform-library name="React" version="16.8.6" /><platform-library name="Fluent" version="8.29.0" /></resources><feature-usage><uses-feature name="Utility" required="true" /><uses-feature name="WebAPI" required="true" /></feature-usage><built-by name="pac" version="1.29.9" /></control></manifest>