<environmentvariabledefinition schemaname="academy_customerfieldsconfig">
  <defaultvalue>{"entityLogicalname":"account","entityDisplayname":"Conta","fields":[{"displayName":"Nome","logicalName":"name","type":"text","readonly":false,"required":true},{"displayName":"Telefone","logicalName":"telephone1","type":"text","readonly":false,"required":true}]}</defaultvalue>
  <displayname default="customerfieldsconfig">
    <label description="customerfieldsconfig" languagecode="1046" />
  </displayname>
  <introducedversion>1.0.0.1</introducedversion>
  <iscustomizable>1</iscustomizable>
  <isrequired>0</isrequired>
  <secretstore>0</secretstore>
  <type>100000000</type>
</environmentvariabledefinition>