<manifest><control namespace="PcfAcademy" constructor="Challenge" version="0.0.2" display-name-key="Challenge" description-key="Challenge description" control-type="virtual" api-version="1.3.11"><external-service-usage enabled="false" /><property name="customerId" display-name-key="customerId" description-key="customerId" of-type="SingleLine.Text" usage="bound" required="true" /><resources><code path="bundle.js" order="1" /><platform-library name="React" version="16.8.6" /><platform-library name="Fluent" version="8.29.0" /></resources><built-by name="pac" version="1.29.9" /></control></manifest>