<environmentvariabledefinition schemaname="academy_positiveconfirmationconfig">
  <defaultvalue>{     "totalQuestions": 4 }</defaultvalue>
  <description default="Variável de configuração da positivação">
    <label description="Variável de configuração da positivação" languagecode="1046" />
  </description>
  <displayname default="PositiveConfirmationConfig">
    <label description="PositiveConfirmationConfig" languagecode="1046" />
  </displayname>
  <introducedversion>1.0.0.0</introducedversion>
  <iscustomizable>1</iscustomizable>
  <isrequired>0</isrequired>
  <secretstore>0</secretstore>
  <type>100000003</type>
</environmentvariabledefinition>