<manifest><control namespace="PcfAcademy" constructor="PositiveConfimation" version="0.0.1" display-name-key="PositiveConfimation" description-key="PositiveConfimation description" control-type="virtual" api-version="1.3.10"><external-service-usage enabled="false" /><property name="customer" display-name-key="customer_Display_Key" description-key="customer" of-type="SingleLine.Text" usage="input" required="true" /><property name="positiveconfimationok" display-name-key="positiveconfimationok_Display_Key" description-key="positiveconfimationok" of-type="TwoOptions" usage="bound" required="true" /><property name="isSucess" display-name-key="isSucess" description-key="isSucess" of-type="TwoOptions" usage="output" required="false" /><resources><code path="bundle.js" order="1" /><platform-library name="React" version="16.8.6" /><platform-library name="Fluent" version="8.29.0" /></resources><built-by name="pac" version="1.29.9" /></control></manifest>