<ImportExportXml version="9.2.24012.190" SolutionPackageVersion="9.2" languagecode="1046" generatedBy="CrmLive" xmlns:xsi="http://www.w3.org/2001/XMLSchema-instance">
  <SolutionManifest>
    <UniqueName>PCFAcademy</UniqueName>
    <LocalizedNames>
      <LocalizedName description="PCF Academy" languagecode="1046" />
    </LocalizedNames>
    <Descriptions />
    <Version>1.0.0.1</Version>
    <Managed>0</Managed>
    <Publisher>
      <UniqueName>pcf_academy</UniqueName>
      <LocalizedNames>
        <LocalizedName description="PCF Academy" languagecode="1046" />
      </LocalizedNames>
      <Descriptions />
      <EMailAddress xsi:nil="true"></EMailAddress>
      <SupportingWebsiteUrl xsi:nil="true"></SupportingWebsiteUrl>
      <CustomizationPrefix>academy</CustomizationPrefix>
      <CustomizationOptionValuePrefix>16324</CustomizationOptionValuePrefix>
      <Addresses>
        <Address>
          <AddressNumber>1</AddressNumber>
          <AddressTypeCode>1</AddressTypeCode>
          <City xsi:nil="true"></City>
          <County xsi:nil="true"></County>
          <Country xsi:nil="true"></Country>
          <Fax xsi:nil="true"></Fax>
          <FreightTermsCode xsi:nil="true"></FreightTermsCode>
          <ImportSequenceNumber xsi:nil="true"></ImportSequenceNumber>
          <Latitude xsi:nil="true"></Latitude>
          <Line1 xsi:nil="true"></Line1>
          <Line2 xsi:nil="true"></Line2>
          <Line3 xsi:nil="true"></Line3>
          <Longitude xsi:nil="true"></Longitude>
          <Name xsi:nil="true"></Name>
          <PostalCode xsi:nil="true"></PostalCode>
          <PostOfficeBox xsi:nil="true"></PostOfficeBox>
          <PrimaryContactName xsi:nil="true"></PrimaryContactName>
          <ShippingMethodCode>1</ShippingMethodCode>
          <StateOrProvince xsi:nil="true"></StateOrProvince>
          <Telephone1 xsi:nil="true"></Telephone1>
          <Telephone2 xsi:nil="true"></Telephone2>
          <Telephone3 xsi:nil="true"></Telephone3>
          <TimeZoneRuleVersionNumber xsi:nil="true"></TimeZoneRuleVersionNumber>
          <UPSZone xsi:nil="true"></UPSZone>
          <UTCOffset xsi:nil="true"></UTCOffset>
          <UTCConversionTimeZoneCode xsi:nil="true"></UTCConversionTimeZoneCode>
        </Address>
        <Address>
          <AddressNumber>2</AddressNumber>
          <AddressTypeCode>1</AddressTypeCode>
          <City xsi:nil="true"></City>
          <County xsi:nil="true"></County>
          <Country xsi:nil="true"></Country>
          <Fax xsi:nil="true"></Fax>
          <FreightTermsCode xsi:nil="true"></FreightTermsCode>
          <ImportSequenceNumber xsi:nil="true"></ImportSequenceNumber>
          <Latitude xsi:nil="true"></Latitude>
          <Line1 xsi:nil="true"></Line1>
          <Line2 xsi:nil="true"></Line2>
          <Line3 xsi:nil="true"></Line3>
          <Longitude xsi:nil="true"></Longitude>
          <Name xsi:nil="true"></Name>
          <PostalCode xsi:nil="true"></PostalCode>
          <PostOfficeBox xsi:nil="true"></PostOfficeBox>
          <PrimaryContactName xsi:nil="true"></PrimaryContactName>
          <ShippingMethodCode>1</ShippingMethodCode>
          <StateOrProvince xsi:nil="true"></StateOrProvince>
          <Telephone1 xsi:nil="true"></Telephone1>
          <Telephone2 xsi:nil="true"></Telephone2>
          <Telephone3 xsi:nil="true"></Telephone3>
          <TimeZoneRuleVersionNumber xsi:nil="true"></TimeZoneRuleVersionNumber>
          <UPSZone xsi:nil="true"></UPSZone>
          <UTCOffset xsi:nil="true"></UTCOffset>
          <UTCConversionTimeZoneCode xsi:nil="true"></UTCConversionTimeZoneCode>
        </Address>
      </Addresses>
    </Publisher>
    <RootComponents>
      <RootComponent type="1" schemaName="academy_positiveconfimation" behavior="0" />
      <RootComponent type="1" schemaName="academy_questionspositiveconfimation" behavior="0" />
      <RootComponent type="1" schemaName="incident" behavior="1" />
      <RootComponent type="61" schemaName="academy_incident" behavior="0" />
      <RootComponent type="61" schemaName="academy_questionspositiveconfimation_32X32" behavior="0" />
      <RootComponent type="61" schemaName="academy_questionspositiveconfimation_modern" behavior="0" />
      <RootComponent type="62" schemaName="academy_PositiveConfimationParameter" behavior="0" />
      <RootComponent type="66" schemaName="academy_PcfAcademy.AnalysisPositiveConfirmation" behavior="0" />
      <RootComponent type="66" schemaName="academy_PcfAcademy.FieldFindText" behavior="0" />
      <RootComponent type="66" schemaName="academy_PcfAcademy.PositiveConfimation" behavior="0" />
      <RootComponent type="80" schemaName="academy_PositiveConfimationParameter" behavior="0" />
    </RootComponents>
    <MissingDependencies>
      <MissingDependency>
        <Required type="1" schemaName="incident" displayName="Ocorrência" solution="msdynce_Service (9.0.5.56)">
          <package>msdynce_ServiceAnchor (9.0.24012.1003)</package>
        </Required>
        <Dependent type="1" schemaName="incident" displayName="Ocorrência" />
      </MissingDependency>
      <MissingDependency>
        <Required type="1" schemaName="incident" displayName="Ocorrência" solution="msdynce_Service (9.0.5.56)">
          <package>msdynce_ServiceAnchor (9.0.24012.1003)</package>
        </Required>
        <Dependent type="10" schemaName="academy_positiveconfimation_IncidentId_incident" displayName="academy_positiveconfimation_IncidentId_incident" parentSchemaName="incident" parentDisplayName="Ocorrência" />
      </MissingDependency>
      <MissingDependency>
        <Required type="1" schemaName="incident" displayName="Ocorrência" solution="msdynce_Service (9.0.5.56)">
          <package>msdynce_ServiceAnchor (9.0.24012.1003)</package>
        </Required>
        <Dependent type="2" schemaName="academy_customer_id_string" displayName="customer_id_string" parentSchemaName="incident" parentDisplayName="Ocorrência" />
      </MissingDependency>
      <MissingDependency>
        <Required type="1" schemaName="incident" displayName="Ocorrência" solution="msdynce_Service (9.0.5.56)">
          <package>msdynce_ServiceAnchor (9.0.24012.1003)</package>
        </Required>
        <Dependent type="2" schemaName="academy_positiveconfimationok" displayName="Positive Confimation Ok?" parentSchemaName="incident" parentDisplayName="Ocorrência" />
      </MissingDependency>
      <MissingDependency>
        <Required type="1" schemaName="incident" displayName="Ocorrência" solution="msdynce_Service (9.0.5.56)">
          <package>msdynce_ServiceAnchor (9.0.24012.1003)</package>
        </Required>
        <Dependent type="60" displayName="Ocorrência Positive Confimation" parentDisplayName="Ocorrência" id="{b573604a-95b0-ee11-a569-6045bd397515}" />
      </MissingDependency>
      <MissingDependency>
        <Required type="1" schemaName="incident" displayName="Ocorrência" solution="msdynce_Service (9.0.5.56)">
          <package>msdynce_ServiceAnchor (9.0.24012.1003)</package>
        </Required>
        <Dependent type="62" schemaName="academy_PositiveConfimationParameter" />
      </MissingDependency>
      <MissingDependency>
        <Required type="1" schemaName="incident" displayName="Ocorrência" solution="msdynce_Service (9.0.5.56)">
          <package>msdynce_ServiceAnchor (9.0.24012.1003)</package>
        </Required>
        <Dependent type="80" schemaName="academy_PositiveConfimationParameter" displayName="Confirmação Positiva" />
      </MissingDependency>
      <MissingDependency>
        <Required type="1" schemaName="knowledgearticleincident" displayName="Incidente do Artigo da Base de Dados de Conhecimento" solution="msdynce_Service (9.0.5.56)">
          <package>msdynce_ServiceAnchor (9.0.24012.1003)</package>
        </Required>
        <Dependent type="60" displayName="Ocorrência Positive Confimation" parentDisplayName="Ocorrência" id="{b573604a-95b0-ee11-a569-6045bd397515}" />
      </MissingDependency>
      <MissingDependency>
        <Required type="1" schemaName="msdyn_swarm" displayName="Correspondência" solution="msdyn_Swarming (9.0.24012.1017)">
          <package>msdyn_ServiceExtendedAnchor (9.0.24012.1017)</package>
        </Required>
        <Dependent type="60" displayName="Ocorrência Positive Confimation" parentDisplayName="Ocorrência" id="{b573604a-95b0-ee11-a569-6045bd397515}" />
      </MissingDependency>
      <MissingDependency>
        <Required type="10" schemaName="msdyn_swarm_incident" displayName="msdyn_swarm_incident" parentSchemaName="incident" parentDisplayName="Ocorrência" solution="msdyn_SwarmingForCS (9.0.24012.1017)">
          <package>msdyn_ServiceExtendedAnchor (9.0.24012.1017)</package>
        </Required>
        <Dependent type="60" displayName="Ocorrência Positive Confimation" parentDisplayName="Ocorrência" id="{b573604a-95b0-ee11-a569-6045bd397515}" />
      </MissingDependency>
      <MissingDependency>
        <Required type="181" schemaName="NonRelational Data Provider" displayName="NonRelational Data Provider" solution="NonRelationalDataProvider (9.0.0.1485)" id="{1d9bde74-9ebd-4da9-8ff5-aa74945b9f74}" />
        <Dependent type="1" schemaName="academy_questionspositiveconfimation" displayName="Questions Positive Confimation" />
      </MissingDependency>
      <MissingDependency>
        <Required type="183" schemaName="NonRelational Data Provider" displayName="NonRelational Data Provider" solution="NonRelationalDataProvider (9.0.0.1485)" id="{19897b6e-b2c2-461c-8f32-5a2413028030}" />
        <Dependent type="1" schemaName="academy_questionspositiveconfimation" displayName="Questions Positive Confimation" />
      </MissingDependency>
      <MissingDependency>
        <Required type="2" schemaName="caseorigincode" displayName="Origem" parentSchemaName="incident" parentDisplayName="Ocorrência" solution="msdynce_Service (9.0.5.56)">
          <package>msdynce_ServiceAnchor (9.0.24012.1003)</package>
        </Required>
        <Dependent type="60" displayName="Ocorrência Positive Confimation" parentDisplayName="Ocorrência" id="{b573604a-95b0-ee11-a569-6045bd397515}" />
      </MissingDependency>
      <MissingDependency>
        <Required type="2" schemaName="casetypecode" displayName="Tipo de Ocorrência" parentSchemaName="incident" parentDisplayName="Ocorrência" solution="msdynce_Service (9.0.5.56)">
          <package>msdynce_ServiceAnchor (9.0.24012.1003)</package>
        </Required>
        <Dependent type="60" displayName="Ocorrência Positive Confimation" parentDisplayName="Ocorrência" id="{b573604a-95b0-ee11-a569-6045bd397515}" />
      </MissingDependency>
      <MissingDependency>
        <Required type="2" schemaName="createdon" displayName="Created On" parentSchemaName="incident" parentDisplayName="Ocorrência" solution="msdynce_Service (9.0.5.56)">
          <package>msdynce_ServiceAnchor (9.0.24012.1003)</package>
        </Required>
        <Dependent type="60" displayName="Ocorrência Positive Confimation" parentDisplayName="Ocorrência" id="{b573604a-95b0-ee11-a569-6045bd397515}" />
      </MissingDependency>
      <MissingDependency>
        <Required type="2" schemaName="customerid" displayName="Cliente" parentSchemaName="incident" parentDisplayName="Ocorrência" solution="msdynce_Service (9.0.5.56)">
          <package>msdynce_ServiceAnchor (9.0.24012.1003)</package>
        </Required>
        <Dependent type="60" displayName="Ocorrência Positive Confimation" parentDisplayName="Ocorrência" id="{b573604a-95b0-ee11-a569-6045bd397515}" />
      </MissingDependency>
      <MissingDependency>
        <Required type="2" schemaName="description" displayName="Descrição" parentSchemaName="incident" parentDisplayName="Ocorrência" solution="msdynce_Service (9.0.5.56)">
          <package>msdynce_ServiceAnchor (9.0.24012.1003)</package>
        </Required>
        <Dependent type="60" displayName="Ocorrência Positive Confimation" parentDisplayName="Ocorrência" id="{b573604a-95b0-ee11-a569-6045bd397515}" />
      </MissingDependency>
      <MissingDependency>
        <Required type="2" schemaName="entitlementid" displayName="Direito" parentSchemaName="incident" parentDisplayName="Ocorrência" solution="msdynce_Service (9.0.5.56)">
          <package>msdynce_ServiceAnchor (9.0.24012.1003)</package>
        </Required>
        <Dependent type="60" displayName="Ocorrência Positive Confimation" parentDisplayName="Ocorrência" id="{b573604a-95b0-ee11-a569-6045bd397515}" />
      </MissingDependency>
      <MissingDependency>
        <Required type="2" schemaName="escalatedon" displayName="Escalonado Em" parentSchemaName="incident" parentDisplayName="Ocorrência" solution="msdynce_Service (9.0.5.56)">
          <package>msdynce_ServiceAnchor (9.0.24012.1003)</package>
        </Required>
        <Dependent type="60" displayName="Ocorrência Positive Confimation" parentDisplayName="Ocorrência" id="{b573604a-95b0-ee11-a569-6045bd397515}" />
      </MissingDependency>
      <MissingDependency>
        <Required type="2" schemaName="firstresponsesent" displayName="Primeira Resposta Enviada" parentSchemaName="incident" parentDisplayName="Ocorrência" solution="msdynce_Service (9.0.5.56)">
          <package>msdynce_ServiceAnchor (9.0.24012.1003)</package>
        </Required>
        <Dependent type="60" displayName="Ocorrência Positive Confimation" parentDisplayName="Ocorrência" id="{b573604a-95b0-ee11-a569-6045bd397515}" />
      </MissingDependency>
      <MissingDependency>
        <Required type="2" schemaName="followupby" displayName="Acompanhamento até" parentSchemaName="incident" parentDisplayName="Ocorrência" solution="msdynce_Service (9.0.5.56)">
          <package>msdynce_ServiceAnchor (9.0.24012.1003)</package>
        </Required>
        <Dependent type="60" displayName="Ocorrência Positive Confimation" parentDisplayName="Ocorrência" id="{b573604a-95b0-ee11-a569-6045bd397515}" />
      </MissingDependency>
      <MissingDependency>
        <Required type="2" schemaName="incidentid" displayName="Ocorrência" parentSchemaName="incident" parentDisplayName="Ocorrência" solution="msdynce_Service (9.0.5.56)">
          <package>msdynce_ServiceAnchor (9.0.24012.1003)</package>
        </Required>
        <Dependent type="10" schemaName="academy_positiveconfimation_IncidentId_incident" displayName="academy_positiveconfimation_IncidentId_incident" parentSchemaName="incident" parentDisplayName="Ocorrência" />
      </MissingDependency>
      <MissingDependency>
        <Required type="2" schemaName="incidentid" displayName="Ocorrência" parentSchemaName="incident" parentDisplayName="Ocorrência" solution="msdynce_Service (9.0.5.56)">
          <package>msdynce_ServiceAnchor (9.0.24012.1003)</package>
        </Required>
        <Dependent type="60" displayName="Ocorrência Positive Confimation" parentDisplayName="Ocorrência" id="{b573604a-95b0-ee11-a569-6045bd397515}" />
      </MissingDependency>
      <MissingDependency>
        <Required type="2" schemaName="isescalated" displayName="Foi Escalonado" parentSchemaName="incident" parentDisplayName="Ocorrência" solution="msdynce_Service (9.0.5.56)">
          <package>msdynce_ServiceAnchor (9.0.24012.1003)</package>
        </Required>
        <Dependent type="60" displayName="Ocorrência Positive Confimation" parentDisplayName="Ocorrência" id="{b573604a-95b0-ee11-a569-6045bd397515}" />
      </MissingDependency>
      <MissingDependency>
        <Required type="2" schemaName="ownerid" displayName="Owner" parentSchemaName="incident" parentDisplayName="Ocorrência" solution="msdynce_Service (9.0.5.56)">
          <package>msdynce_ServiceAnchor (9.0.24012.1003)</package>
        </Required>
        <Dependent type="60" displayName="Ocorrência Positive Confimation" parentDisplayName="Ocorrência" id="{b573604a-95b0-ee11-a569-6045bd397515}" />
      </MissingDependency>
      <MissingDependency>
        <Required type="2" schemaName="parentcaseid" displayName="Ocorrência Principal" parentSchemaName="incident" parentDisplayName="Ocorrência" solution="msdynce_Service (9.0.5.56)">
          <package>msdynce_ServiceAnchor (9.0.24012.1003)</package>
        </Required>
        <Dependent type="60" displayName="Ocorrência Positive Confimation" parentDisplayName="Ocorrência" id="{b573604a-95b0-ee11-a569-6045bd397515}" />
      </MissingDependency>
      <MissingDependency>
        <Required type="2" schemaName="prioritycode" displayName="Prioridade" parentSchemaName="incident" parentDisplayName="Ocorrência" solution="msdynce_Service (9.0.5.56)">
          <package>msdynce_ServiceAnchor (9.0.24012.1003)</package>
        </Required>
        <Dependent type="60" displayName="Ocorrência Positive Confimation" parentDisplayName="Ocorrência" id="{b573604a-95b0-ee11-a569-6045bd397515}" />
      </MissingDependency>
      <MissingDependency>
        <Required type="2" schemaName="productid" displayName="Produto" parentSchemaName="incident" parentDisplayName="Ocorrência" solution="msdynce_Service (9.0.5.56)">
          <package>msdynce_ServiceAnchor (9.0.24012.1003)</package>
        </Required>
        <Dependent type="60" displayName="Ocorrência Positive Confimation" parentDisplayName="Ocorrência" id="{b573604a-95b0-ee11-a569-6045bd397515}" />
      </MissingDependency>
      <MissingDependency>
        <Required type="2" schemaName="resolveby" displayName="Resolver por" parentSchemaName="incident" parentDisplayName="Ocorrência" solution="msdynce_Service (9.0.5.56)">
          <package>msdynce_ServiceAnchor (9.0.24012.1003)</package>
        </Required>
        <Dependent type="60" displayName="Ocorrência Positive Confimation" parentDisplayName="Ocorrência" id="{b573604a-95b0-ee11-a569-6045bd397515}" />
      </MissingDependency>
      <MissingDependency>
        <Required type="2" schemaName="responseby" displayName="Primeira Resposta por" parentSchemaName="incident" parentDisplayName="Ocorrência" solution="msdynce_Service (9.0.5.56)">
          <package>msdynce_ServiceAnchor (9.0.24012.1003)</package>
        </Required>
        <Dependent type="60" displayName="Ocorrência Positive Confimation" parentDisplayName="Ocorrência" id="{b573604a-95b0-ee11-a569-6045bd397515}" />
      </MissingDependency>
      <MissingDependency>
        <Required type="2" schemaName="statuscode" displayName="Razão do Status" parentSchemaName="incident" parentDisplayName="Ocorrência" solution="msdynce_Service (9.0.5.56)">
          <package>msdynce_ServiceAnchor (9.0.24012.1003)</package>
        </Required>
        <Dependent type="60" displayName="Ocorrência Positive Confimation" parentDisplayName="Ocorrência" id="{b573604a-95b0-ee11-a569-6045bd397515}" />
      </MissingDependency>
      <MissingDependency>
        <Required type="2" schemaName="subjectid" displayName="Assunto" parentSchemaName="incident" parentDisplayName="Ocorrência" solution="msdynce_Service (9.0.5.56)">
          <package>msdynce_ServiceAnchor (9.0.24012.1003)</package>
        </Required>
        <Dependent type="60" displayName="Ocorrência Positive Confimation" parentDisplayName="Ocorrência" id="{b573604a-95b0-ee11-a569-6045bd397515}" />
      </MissingDependency>
      <MissingDependency>
        <Required type="2" schemaName="ticketnumber" displayName="Número da Ocorrência" parentSchemaName="incident" parentDisplayName="Ocorrência" solution="msdynce_Service (9.0.5.56)">
          <package>msdynce_ServiceAnchor (9.0.24012.1003)</package>
        </Required>
        <Dependent type="60" displayName="Ocorrência Positive Confimation" parentDisplayName="Ocorrência" id="{b573604a-95b0-ee11-a569-6045bd397515}" />
      </MissingDependency>
      <MissingDependency>
        <Required type="2" schemaName="title" displayName="Título da Ocorrência" parentSchemaName="incident" parentDisplayName="Ocorrência" solution="msdynce_Service (9.0.5.56)">
          <package>msdynce_ServiceAnchor (9.0.24012.1003)</package>
        </Required>
        <Dependent type="10" schemaName="academy_positiveconfimation_IncidentId_incident" displayName="academy_positiveconfimation_IncidentId_incident" parentSchemaName="incident" parentDisplayName="Ocorrência" />
      </MissingDependency>
      <MissingDependency>
        <Required type="2" schemaName="title" displayName="Título da Ocorrência" parentSchemaName="incident" parentDisplayName="Ocorrência" solution="msdynce_Service (9.0.5.56)">
          <package>msdynce_ServiceAnchor (9.0.24012.1003)</package>
        </Required>
        <Dependent type="60" displayName="Ocorrência Positive Confimation" parentDisplayName="Ocorrência" id="{b573604a-95b0-ee11-a569-6045bd397515}" />
      </MissingDependency>
      <MissingDependency>
        <Required type="2" schemaName="traversedpath" displayName="(Deprecated) Traversed Path" parentSchemaName="incident" parentDisplayName="Ocorrência" solution="msdynce_Service (9.0.5.56)">
          <package>msdynce_ServiceAnchor (9.0.24012.1003)</package>
        </Required>
        <Dependent type="60" displayName="Ocorrência Positive Confimation" parentDisplayName="Ocorrência" id="{b573604a-95b0-ee11-a569-6045bd397515}" />
      </MissingDependency>
      <MissingDependency>
        <Required type="26" schemaName="Exibição de Registros de Conhecimento Associados" displayName="Exibição de Registros de Conhecimento Associados" parentSchemaName="knowledgearticleincident" parentDisplayName="Incidente do Artigo da Base de Dados de Conhecimento" solution="msdynce_Service (9.0.5.56)" id="{4ce7d553-9bba-4d8f-b209-899af9d3937c}">
          <package>msdynce_ServiceAnchor (9.0.24012.1003)</package>
        </Required>
        <Dependent type="60" displayName="Ocorrência Positive Confimation" parentDisplayName="Ocorrência" id="{b573604a-95b0-ee11-a569-6045bd397515}" />
      </MissingDependency>
      <MissingDependency>
        <Required type="26" schemaName="Exibição de Pesquisa de Produtos Ativos" displayName="Exibição de Pesquisa de Produtos Ativos" parentSchemaName="product" parentDisplayName="Produto" solution="msdynce_ProductManagement (9.0.4.0066)" id="{58afc3c5-8add-4552-98cb-473bc8f75619}">
          <package>msdynce_ProductManagementAnchor (9.0.24012.10001)</package>
        </Required>
        <Dependent type="60" displayName="Ocorrência Positive Confimation" parentDisplayName="Ocorrência" id="{b573604a-95b0-ee11-a569-6045bd397515}" />
      </MissingDependency>
      <MissingDependency>
        <Required type="26" schemaName="Ocorrências Associadas para Formulário Centrado em Interação" displayName="Ocorrências Associadas para Formulário Centrado em Interação" parentSchemaName="incident" parentDisplayName="Ocorrência" solution="msdynce_Service (9.0.5.56)" id="{65ab1a2c-1cd9-4fbe-8fd3-d52142d6b3fd}">
          <package>msdynce_ServiceAnchor (9.0.24012.1003)</package>
        </Required>
        <Dependent type="60" displayName="Ocorrência Positive Confimation" parentDisplayName="Ocorrência" id="{b573604a-95b0-ee11-a569-6045bd397515}" />
      </MissingDependency>
      <MissingDependency>
        <Required type="26" schemaName="Direitos Válidos para Ocorrências" displayName="Direitos Válidos para Ocorrências" parentSchemaName="entitlement" parentDisplayName="Direito" solution="msdynce_Service (9.0.5.56)" id="{e7ea283b-0490-4956-939b-3325e0798fb8}">
          <package>msdynce_ServiceAnchor (9.0.24012.1003)</package>
        </Required>
        <Dependent type="60" displayName="Ocorrência Positive Confimation" parentDisplayName="Ocorrência" id="{b573604a-95b0-ee11-a569-6045bd397515}" />
      </MissingDependency>
      <MissingDependency>
        <Required type="26" schemaName="Exibição associada a correspondência" displayName="Exibição associada a correspondência" parentSchemaName="msdyn_swarm" parentDisplayName="Correspondência" solution="msdyn_Swarming (9.0.24012.1017)" id="{f4a46971-a1b8-4ec3-9f9e-30740bc8c8e2}">
          <package>msdyn_ServiceExtendedAnchor (9.0.24012.1017)</package>
        </Required>
        <Dependent type="60" displayName="Ocorrência Positive Confimation" parentDisplayName="Ocorrência" id="{b573604a-95b0-ee11-a569-6045bd397515}" />
      </MissingDependency>
      <MissingDependency>
        <Required type="59" schemaName="Ocorrências Ativas por Agente" displayName="Ocorrências Ativas por Agente" parentSchemaName="incident" parentDisplayName="Ocorrência" solution="msdynce_Service (9.0.5.56)" id="{4143b74e-4a07-4d01-9ffe-2cdcaa4208fd}">
          <package>msdynce_ServiceAnchor (9.0.24012.1003)</package>
        </Required>
        <Dependent type="60" displayName="Ocorrência Positive Confimation" parentDisplayName="Ocorrência" id="{b573604a-95b0-ee11-a569-6045bd397515}" />
      </MissingDependency>
      <MissingDependency>
        <Required type="61" schemaName="msdyn_/Images/AppModule_Default_Icon.png" displayName="msdyn_/Images/AppModule_Default_Icon.png" solution="AppModuleWebResources (2.5)" />
        <Dependent type="80" schemaName="academy_PositiveConfimationParameter" displayName="Confirmação Positiva" />
      </MissingDependency>
      <MissingDependency>
        <Required type="61" schemaName="msdyn_CopilotCaseSummaryLibrary.js" displayName="msdyn_CopilotCaseSummaryLibrary.js" solution="msdyn_CSIntelligence (9.0.24012.1011)">
          <package>msdyn_ServiceExtendedAnchor (9.0.24012.1017)</package>
        </Required>
        <Dependent type="60" displayName="Ocorrência Positive Confimation" parentDisplayName="Ocorrência" id="{b573604a-95b0-ee11-a569-6045bd397515}" />
      </MissingDependency>
      <MissingDependency>
        <Required type="61" schemaName="Swarming/msdyn_Swarming.js" displayName="Swarming/msdyn_Swarming.js" solution="msdyn_Swarming (9.0.24012.1017)">
          <package>msdyn_ServiceExtendedAnchor (9.0.24012.1017)</package>
        </Required>
        <Dependent type="60" displayName="Ocorrência Positive Confimation" parentDisplayName="Ocorrência" id="{b573604a-95b0-ee11-a569-6045bd397515}" />
      </MissingDependency>
      <MissingDependency>
        <Required type="61" schemaName="SwarmingForCS/msdyn_SwarmingForCS.js" displayName="SwarmingForCS/msdyn_SwarmingForCS.js" solution="msdyn_SwarmingForCS (9.0.24012.1017)">
          <package>msdyn_ServiceExtendedAnchor (9.0.24012.1017)</package>
        </Required>
        <Dependent type="60" displayName="Ocorrência Positive Confimation" parentDisplayName="Ocorrência" id="{b573604a-95b0-ee11-a569-6045bd397515}" />
      </MissingDependency>
      <MissingDependency>
        <Required type="66" schemaName="MscrmControls.CSIntelligence.CopilotCaseSummaryControl" displayName="MscrmControls.CSIntelligence.CopilotCaseSummaryControl" solution="msdyn_CSIntelligence (9.0.24012.1011)">
          <package>msdyn_ServiceExtendedAnchor (9.0.24012.1017)</package>
        </Required>
        <Dependent type="60" displayName="Ocorrência Positive Confimation" parentDisplayName="Ocorrência" id="{b573604a-95b0-ee11-a569-6045bd397515}" />
      </MissingDependency>
      <MissingDependency>
        <Required type="66" schemaName="MscrmControls.CustomerService.SelectionTreeViewControl" displayName="MscrmControls.CustomerService.SelectionTreeViewControl" solution="msdynce_ServiceManagementControlsExtension (9.1.23124.2)">
          <package>msdynce_ServiceAnchor (9.0.24012.1003)</package>
          <package>msdynce_ServiceLevelAgreementAnchor (9.0.24012.2001)</package>
        </Required>
        <Dependent type="60" displayName="Ocorrência Positive Confimation" parentDisplayName="Ocorrência" id="{b573604a-95b0-ee11-a569-6045bd397515}" />
      </MissingDependency>
    </MissingDependencies>
  </SolutionManifest>
</ImportExportXml>