<ImportExportXml version="9.2.24021.156" SolutionPackageVersion="9.2" languagecode="1046" generatedBy="CrmLive" xmlns:xsi="http://www.w3.org/2001/XMLSchema-instance">
  <SolutionManifest>
    <UniqueName>PCFAcademy</UniqueName>
    <LocalizedNames>
      <LocalizedName description="PCF Academy" languagecode="1046" />
    </LocalizedNames>
    <Descriptions />
    <Version>1.0.0.3</Version>
    <Managed>0</Managed>
    <Publisher>
      <UniqueName>pcf_academy</UniqueName>
      <LocalizedNames>
        <LocalizedName description="PCF Academy" languagecode="1046" />
      </LocalizedNames>
      <Descriptions />
      <EMailAddress xsi:nil="true"></EMailAddress>
      <SupportingWebsiteUrl xsi:nil="true"></SupportingWebsiteUrl>
      <CustomizationPrefix>academy</CustomizationPrefix>
      <CustomizationOptionValuePrefix>16324</CustomizationOptionValuePrefix>
      <Addresses>
        <Address>
          <AddressNumber>1</AddressNumber>
          <AddressTypeCode>1</AddressTypeCode>
          <City xsi:nil="true"></City>
          <County xsi:nil="true"></County>
          <Country xsi:nil="true"></Country>
          <Fax xsi:nil="true"></Fax>
          <FreightTermsCode xsi:nil="true"></FreightTermsCode>
          <ImportSequenceNumber xsi:nil="true"></ImportSequenceNumber>
          <Latitude xsi:nil="true"></Latitude>
          <Line1 xsi:nil="true"></Line1>
          <Line2 xsi:nil="true"></Line2>
          <Line3 xsi:nil="true"></Line3>
          <Longitude xsi:nil="true"></Longitude>
          <Name xsi:nil="true"></Name>
          <PostalCode xsi:nil="true"></PostalCode>
          <PostOfficeBox xsi:nil="true"></PostOfficeBox>
          <PrimaryContactName xsi:nil="true"></PrimaryContactName>
          <ShippingMethodCode>1</ShippingMethodCode>
          <StateOrProvince xsi:nil="true"></StateOrProvince>
          <Telephone1 xsi:nil="true"></Telephone1>
          <Telephone2 xsi:nil="true"></Telephone2>
          <Telephone3 xsi:nil="true"></Telephone3>
          <TimeZoneRuleVersionNumber xsi:nil="true"></TimeZoneRuleVersionNumber>
          <UPSZone xsi:nil="true"></UPSZone>
          <UTCOffset xsi:nil="true"></UTCOffset>
          <UTCConversionTimeZoneCode xsi:nil="true"></UTCConversionTimeZoneCode>
        </Address>
        <Address>
          <AddressNumber>2</AddressNumber>
          <AddressTypeCode>1</AddressTypeCode>
          <City xsi:nil="true"></City>
          <County xsi:nil="true"></County>
          <Country xsi:nil="true"></Country>
          <Fax xsi:nil="true"></Fax>
          <FreightTermsCode xsi:nil="true"></FreightTermsCode>
          <ImportSequenceNumber xsi:nil="true"></ImportSequenceNumber>
          <Latitude xsi:nil="true"></Latitude>
          <Line1 xsi:nil="true"></Line1>
          <Line2 xsi:nil="true"></Line2>
          <Line3 xsi:nil="true"></Line3>
          <Longitude xsi:nil="true"></Longitude>
          <Name xsi:nil="true"></Name>
          <PostalCode xsi:nil="true"></PostalCode>
          <PostOfficeBox xsi:nil="true"></PostOfficeBox>
          <PrimaryContactName xsi:nil="true"></PrimaryContactName>
          <ShippingMethodCode>1</ShippingMethodCode>
          <StateOrProvince xsi:nil="true"></StateOrProvince>
          <Telephone1 xsi:nil="true"></Telephone1>
          <Telephone2 xsi:nil="true"></Telephone2>
          <Telephone3 xsi:nil="true"></Telephone3>
          <TimeZoneRuleVersionNumber xsi:nil="true"></TimeZoneRuleVersionNumber>
          <UPSZone xsi:nil="true"></UPSZone>
          <UTCOffset xsi:nil="true"></UTCOffset>
          <UTCConversionTimeZoneCode xsi:nil="true"></UTCConversionTimeZoneCode>
        </Address>
      </Addresses>
    </Publisher>
    <RootComponents>
      <RootComponent type="1" schemaName="academy_positiveconfimation" behavior="0" />
      <RootComponent type="1" schemaName="academy_questionspositiveconfimation" behavior="0" />
      <RootComponent type="1" schemaName="account" behavior="2" />
      <RootComponent type="1" schemaName="incident" behavior="1" />
      <RootComponent type="61" schemaName="academy_incident" behavior="0" />
      <RootComponent type="61" schemaName="academy_questionspositiveconfimation_32X32" behavior="0" />
      <RootComponent type="61" schemaName="academy_questionspositiveconfimation_modern" behavior="0" />
      <RootComponent type="62" schemaName="academy_PositiveConfimationParameter" behavior="0" />
      <RootComponent type="66" schemaName="academy_PcfAcademy.AnalysisAccount" behavior="0" />
      <RootComponent type="66" schemaName="academy_PcfAcademy.AnalysisPositiveConfirmation" behavior="0" />
      <RootComponent type="66" schemaName="academy_PcfAcademy.Challenge" behavior="0" />
      <RootComponent type="66" schemaName="academy_PcfAcademy.FieldFindText" behavior="0" />
      <RootComponent type="66" schemaName="academy_PcfAcademy.MaskText" behavior="0" />
      <RootComponent type="66" schemaName="academy_PcfAcademy.PositiveConfimation" behavior="0" />
      <RootComponent type="80" schemaName="academy_PositiveConfimationParameter" behavior="0" />
      <RootComponent type="300" schemaName="academy_contascustonpage_51693" behavior="0" />
    </RootComponents>
    <MissingDependencies>
      <MissingDependency>
        <Required type="1" schemaName="incident" displayName="Ocorrência" solution="msdynce_Service (9.0.5.56)">
          <package>msdynce_ServiceAnchor (9.0.24021.1001)</package>
        </Required>
        <Dependent type="1" schemaName="incident" displayName="Ocorrência" />
      </MissingDependency>
      <MissingDependency>
        <Required type="1" schemaName="knowledgearticleincident" displayName="Incidente do Artigo da Base de Dados de Conhecimento" solution="msdynce_Service (9.0.5.56)">
          <package>msdynce_ServiceAnchor (9.0.24021.1001)</package>
        </Required>
        <Dependent type="60" displayName="Ocorrência Positive Confimation" parentDisplayName="Ocorrência" id="{b573604a-95b0-ee11-a569-6045bd397515}" />
      </MissingDependency>
      <MissingDependency>
        <Required type="1" schemaName="msdyn_accountpricelist" displayName="Lista de Preços do Projeto da Conta" solution="ProjectService (3.10.0.31)" />
        <Dependent type="60" displayName="Conta" parentDisplayName="Conta" id="{8448b78f-8f42-454e-8e2a-f8196b0419af}" />
      </MissingDependency>
      <MissingDependency>
        <Required type="1" schemaName="msdyn_insurance" displayName="Seguro" solution="msdyn_FieldService_patch_update (8.8.107.25)" />
        <Dependent type="60" displayName="Conta" parentDisplayName="Conta" id="{8448b78f-8f42-454e-8e2a-f8196b0419af}" />
      </MissingDependency>
      <MissingDependency>
        <Required type="1" schemaName="msdyn_swarm" displayName="Correspondência" solution="msdyn_Swarming (9.0.24021.1014)">
          <package>msdyn_ServiceExtendedAnchor (9.0.24021.1014)</package>
        </Required>
        <Dependent type="60" displayName="Ocorrência Positive Confimation" parentDisplayName="Ocorrência" id="{b573604a-95b0-ee11-a569-6045bd397515}" />
      </MissingDependency>
      <MissingDependency>
        <Required type="1" schemaName="msdyn_tradecoverage" displayName="Cobertura de Serviço" solution="msdyn_FieldService_patch_update (8.8.107.25)" />
        <Dependent type="60" displayName="Conta" parentDisplayName="Conta" id="{8448b78f-8f42-454e-8e2a-f8196b0419af}" />
      </MissingDependency>
      <MissingDependency>
        <Required type="1" schemaName="msdyn_warranty" displayName="Garantia" solution="msdyn_AssetCommon (1.0.46.7)">
          <package>msdynce_ServiceAnchor (9.0.24021.1001)</package>
        </Required>
        <Dependent type="60" displayName="Conta" parentDisplayName="Conta" id="{8448b78f-8f42-454e-8e2a-f8196b0419af}" />
      </MissingDependency>
      <MissingDependency>
        <Required type="1" schemaName="msdyn_workorder" displayName="Ordem de Serviço" solution="FieldService (8.8.0.88)" />
        <Dependent type="60" displayName="Conta" parentDisplayName="Conta" id="{8448b78f-8f42-454e-8e2a-f8196b0419af}" />
      </MissingDependency>
      <MissingDependency>
        <Required type="10" schemaName="msdyn_account_account_BillingAccount" displayName="msdyn_account_account_BillingAccount" parentSchemaName="account" parentDisplayName="Conta" solution="FieldServiceCommon (1.0.0.217)" />
        <Dependent type="60" displayName="Conta" parentDisplayName="Conta" id="{8448b78f-8f42-454e-8e2a-f8196b0419af}" />
      </MissingDependency>
      <MissingDependency>
        <Required type="10" schemaName="msdyn_account_msdyn_accountpricelist_Account" displayName="msdyn_account_msdyn_accountpricelist_Account" parentSchemaName="account" parentDisplayName="Conta" solution="ProjectService (3.10.0.31)" />
        <Dependent type="60" displayName="Conta" parentDisplayName="Conta" id="{8448b78f-8f42-454e-8e2a-f8196b0419af}" />
      </MissingDependency>
      <MissingDependency>
        <Required type="10" schemaName="msdyn_account_msdyn_agreement_BillingAccount" displayName="msdyn_account_msdyn_agreement_BillingAccount" parentSchemaName="account" parentDisplayName="Conta" solution="FieldService (8.8.0.88)" />
        <Dependent type="60" displayName="Conta" parentDisplayName="Conta" id="{8448b78f-8f42-454e-8e2a-f8196b0419af}" />
      </MissingDependency>
      <MissingDependency>
        <Required type="10" schemaName="msdyn_account_msdyn_agreement_ServiceAccount" displayName="msdyn_account_msdyn_agreement_ServiceAccount" parentSchemaName="account" parentDisplayName="Conta" solution="FieldService (8.8.0.88)" />
        <Dependent type="60" displayName="Conta" parentDisplayName="Conta" id="{8448b78f-8f42-454e-8e2a-f8196b0419af}" />
      </MissingDependency>
      <MissingDependency>
        <Required type="10" schemaName="msdyn_account_msdyn_insurance_InsuranceCarrier" displayName="msdyn_account_msdyn_insurance_InsuranceCarrier" parentSchemaName="account" parentDisplayName="Conta" solution="msdyn_FieldService_patch_update (8.8.107.25)" />
        <Dependent type="60" displayName="Conta" parentDisplayName="Conta" id="{8448b78f-8f42-454e-8e2a-f8196b0419af}" />
      </MissingDependency>
      <MissingDependency>
        <Required type="10" schemaName="msdyn_account_msdyn_payment_Account" displayName="msdyn_account_msdyn_payment_Account" parentSchemaName="account" parentDisplayName="Conta" solution="FieldService (8.8.0.88)" />
        <Dependent type="60" displayName="Conta" parentDisplayName="Conta" id="{8448b78f-8f42-454e-8e2a-f8196b0419af}" />
      </MissingDependency>
      <MissingDependency>
        <Required type="10" schemaName="msdyn_account_msdyn_project_Customer" displayName="msdyn_account_msdyn_project_Customer" parentSchemaName="account" parentDisplayName="Conta" solution="ProjectService (3.10.0.31)" />
        <Dependent type="60" displayName="Conta" parentDisplayName="Conta" id="{8448b78f-8f42-454e-8e2a-f8196b0419af}" />
      </MissingDependency>
      <MissingDependency>
        <Required type="10" schemaName="msdyn_account_msdyn_rma_BillingAccount" displayName="msdyn_account_msdyn_rma_BillingAccount" parentSchemaName="account" parentDisplayName="Conta" solution="FieldService (8.8.0.88)" />
        <Dependent type="60" displayName="Conta" parentDisplayName="Conta" id="{8448b78f-8f42-454e-8e2a-f8196b0419af}" />
      </MissingDependency>
      <MissingDependency>
        <Required type="10" schemaName="msdyn_account_msdyn_rma_ServiceAccount" displayName="msdyn_account_msdyn_rma_ServiceAccount" parentSchemaName="account" parentDisplayName="Conta" solution="FieldService (8.8.0.88)" />
        <Dependent type="60" displayName="Conta" parentDisplayName="Conta" id="{8448b78f-8f42-454e-8e2a-f8196b0419af}" />
      </MissingDependency>
      <MissingDependency>
        <Required type="10" schemaName="msdyn_account_msdyn_rtv_Vendor" displayName="msdyn_account_msdyn_rtv_Vendor" parentSchemaName="account" parentDisplayName="Conta" solution="FieldService (8.8.0.88)" />
        <Dependent type="60" displayName="Conta" parentDisplayName="Conta" id="{8448b78f-8f42-454e-8e2a-f8196b0419af}" />
      </MissingDependency>
      <MissingDependency>
        <Required type="10" schemaName="msdyn_account_msdyn_tradecoverage_Account" displayName="msdyn_account_msdyn_tradecoverage_Account" parentSchemaName="account" parentDisplayName="Conta" solution="msdyn_FieldService_patch_update (8.8.107.25)" />
        <Dependent type="60" displayName="Conta" parentDisplayName="Conta" id="{8448b78f-8f42-454e-8e2a-f8196b0419af}" />
      </MissingDependency>
      <MissingDependency>
        <Required type="10" schemaName="msdyn_account_msdyn_warranty_WarrantyHolder" displayName="msdyn_account_msdyn_warranty_WarrantyHolder" parentSchemaName="account" parentDisplayName="Conta" solution="msdyn_AssetCommon (1.0.46.7)">
          <package>msdynce_ServiceAnchor (9.0.24021.1001)</package>
        </Required>
        <Dependent type="60" displayName="Conta" parentDisplayName="Conta" id="{8448b78f-8f42-454e-8e2a-f8196b0419af}" />
      </MissingDependency>
      <MissingDependency>
        <Required type="10" schemaName="msdyn_account_msdyn_warranty_WarrantyProvider" displayName="msdyn_account_msdyn_warranty_WarrantyProvider" parentSchemaName="account" parentDisplayName="Conta" solution="msdyn_AssetCommon (1.0.46.7)">
          <package>msdynce_ServiceAnchor (9.0.24021.1001)</package>
        </Required>
        <Dependent type="60" displayName="Conta" parentDisplayName="Conta" id="{8448b78f-8f42-454e-8e2a-f8196b0419af}" />
      </MissingDependency>
      <MissingDependency>
        <Required type="10" schemaName="msdyn_account_msdyn_workorder_BillingAccount" displayName="msdyn_account_msdyn_workorder_BillingAccount" parentSchemaName="account" parentDisplayName="Conta" solution="FieldService (8.8.0.88)" />
        <Dependent type="60" displayName="Conta" parentDisplayName="Conta" id="{8448b78f-8f42-454e-8e2a-f8196b0419af}" />
      </MissingDependency>
      <MissingDependency>
        <Required type="10" schemaName="msdyn_account_msdyn_workorder_ServiceAccount" displayName="msdyn_account_msdyn_workorder_ServiceAccount" parentSchemaName="account" parentDisplayName="Conta" solution="FieldService (8.8.0.88)" />
        <Dependent type="60" displayName="Conta" parentDisplayName="Conta" id="{8448b78f-8f42-454e-8e2a-f8196b0419af}" />
      </MissingDependency>
      <MissingDependency>
        <Required type="10" schemaName="msdyn_msdyn_insurance_PolicyHolder_account" displayName="msdyn_msdyn_insurance_PolicyHolder_account" parentSchemaName="account" parentDisplayName="Conta" solution="msdyn_FieldService_patch_update (8.8.107.25)" />
        <Dependent type="60" displayName="Conta" parentDisplayName="Conta" id="{8448b78f-8f42-454e-8e2a-f8196b0419af}" />
      </MissingDependency>
      <MissingDependency>
        <Required type="10" schemaName="msdyn_swarm_incident" displayName="msdyn_swarm_incident" parentSchemaName="incident" parentDisplayName="Ocorrência" solution="msdyn_SwarmingForCS (9.0.24021.1014)">
          <package>msdyn_ServiceExtendedAnchor (9.0.24021.1014)</package>
        </Required>
        <Dependent type="60" displayName="Ocorrência Positive Confimation" parentDisplayName="Ocorrência" id="{b573604a-95b0-ee11-a569-6045bd397515}" />
      </MissingDependency>
      <MissingDependency>
        <Required type="10" schemaName="msdyn_account_msdyn_customerasset_Account" displayName="msdyn_account_msdyn_customerasset_Account" parentSchemaName="msdyn_customerasset" parentDisplayName="Ativo do Cliente" solution="msdyn_AssetCommon (1.0.46.7)">
          <package>msdynce_ServiceAnchor (9.0.24021.1001)</package>
        </Required>
        <Dependent type="60" displayName="Conta" parentDisplayName="Conta" id="{8448b78f-8f42-454e-8e2a-f8196b0419af}" />
      </MissingDependency>
      <MissingDependency>
        <Required type="10" schemaName="msdyn_account_msdyn_purchaseorder_Vendor" displayName="msdyn_account_msdyn_purchaseorder_Vendor" parentSchemaName="msdyn_purchaseorder" parentDisplayName="Ordem de Compra" solution="FieldServiceCommon (1.0.0.217)" />
        <Dependent type="60" displayName="Conta" parentDisplayName="Conta" id="{8448b78f-8f42-454e-8e2a-f8196b0419af}" />
      </MissingDependency>
      <MissingDependency>
        <Required type="10" schemaName="msdyn_msdyn_taxcode_account_SalesTaxCode" displayName="msdyn_msdyn_taxcode_account_SalesTaxCode" parentSchemaName="msdyn_taxcode" parentDisplayName="Código de Imposto" solution="FieldService (8.8.0.88)" />
        <Dependent type="60" displayName="Conta" parentDisplayName="Conta" id="{8448b78f-8f42-454e-8e2a-f8196b0419af}" />
      </MissingDependency>
      <MissingDependency>
        <Required type="10" schemaName="msdyn_msdyn_warranty_account" displayName="msdyn_msdyn_warranty_account" parentSchemaName="msdyn_warranty" parentDisplayName="Garantia" solution="msdyn_AssetCommon (1.0.46.7)">
          <package>msdynce_ServiceAnchor (9.0.24021.1001)</package>
        </Required>
        <Dependent type="60" displayName="Conta" parentDisplayName="Conta" id="{8448b78f-8f42-454e-8e2a-f8196b0419af}" />
      </MissingDependency>
      <MissingDependency>
        <Required type="10" schemaName="msdyn_msdyn_workhourtemplate_account_workhourtemplate" displayName="msdyn_msdyn_workhourtemplate_account_workhourtemplate" parentSchemaName="msdyn_workhourtemplate" parentDisplayName="Modelo de trabalho" solution="FieldService (8.8.0.88)" />
        <Dependent type="60" displayName="Conta" parentDisplayName="Conta" id="{8448b78f-8f42-454e-8e2a-f8196b0419af}" />
      </MissingDependency>
      <MissingDependency>
        <Required type="10" schemaName="msdyn_territory_account_ServiceTerritory" displayName="msdyn_territory_account_ServiceTerritory" parentSchemaName="territory" parentDisplayName="Região" solution="FieldService (8.8.0.88)" />
        <Dependent type="60" displayName="Conta" parentDisplayName="Conta" id="{8448b78f-8f42-454e-8e2a-f8196b0419af}" />
      </MissingDependency>
      <MissingDependency>
        <Required type="181" schemaName="NonRelational Data Provider" displayName="NonRelational Data Provider" solution="NonRelationalDataProvider (9.0.0.1520)" id="{1d9bde74-9ebd-4da9-8ff5-aa74945b9f74}" />
        <Dependent type="1" schemaName="academy_questionspositiveconfimation" displayName="Question Positive Confirmation" />
      </MissingDependency>
      <MissingDependency>
        <Required type="183" schemaName="NonRelational Data Provider" displayName="NonRelational Data Provider" solution="NonRelationalDataProvider (9.0.0.1520)" id="{19897b6e-b2c2-461c-8f32-5a2413028030}" />
        <Dependent type="1" schemaName="academy_questionspositiveconfimation" displayName="Question Positive Confirmation" />
      </MissingDependency>
      <MissingDependency>
        <Required type="2" schemaName="defaultpricelevelid" displayName="Lista de Preços de Produtos" parentSchemaName="account" parentDisplayName="Conta" solution="msdynce_ProductManagement (9.0.4.0066)">
          <package>msdynce_ProductManagementAnchor (9.0.24021.10004)</package>
        </Required>
        <Dependent type="60" displayName="Conta" parentDisplayName="Conta" id="{8448b78f-8f42-454e-8e2a-f8196b0419af}" />
      </MissingDependency>
      <MissingDependency>
        <Required type="2" schemaName="msdyn_billingaccount" displayName="Conta de Cobrança" parentSchemaName="account" parentDisplayName="Conta" solution="FieldServiceCommon (1.0.0.217)" />
        <Dependent type="60" displayName="Conta" parentDisplayName="Conta" id="{8448b78f-8f42-454e-8e2a-f8196b0419af}" />
      </MissingDependency>
      <MissingDependency>
        <Required type="2" schemaName="msdyn_primarytimezone" displayName="Fuso Horário Principal" parentSchemaName="account" parentDisplayName="Conta" solution="msdyn_AssetCommon (1.0.46.7)">
          <package>msdynce_ServiceAnchor (9.0.24021.1001)</package>
        </Required>
        <Dependent type="60" displayName="Conta" parentDisplayName="Conta" id="{8448b78f-8f42-454e-8e2a-f8196b0419af}" />
      </MissingDependency>
      <MissingDependency>
        <Required type="2" schemaName="msdyn_salestaxcode" displayName="Código do Imposto" parentSchemaName="account" parentDisplayName="Conta" solution="FieldService (8.8.0.88)" />
        <Dependent type="60" displayName="Conta" parentDisplayName="Conta" id="{8448b78f-8f42-454e-8e2a-f8196b0419af}" />
      </MissingDependency>
      <MissingDependency>
        <Required type="2" schemaName="msdyn_serviceterritory" displayName="Região de Serviço" parentSchemaName="account" parentDisplayName="Conta" solution="FieldService (8.8.0.88)" />
        <Dependent type="60" displayName="Conta" parentDisplayName="Conta" id="{8448b78f-8f42-454e-8e2a-f8196b0419af}" />
      </MissingDependency>
      <MissingDependency>
        <Required type="2" schemaName="msdyn_taxexempt" displayName="Isenção de Imposto" parentSchemaName="account" parentDisplayName="Conta" solution="FieldServiceCommon (1.0.0.217)" />
        <Dependent type="60" displayName="Conta" parentDisplayName="Conta" id="{8448b78f-8f42-454e-8e2a-f8196b0419af}" />
      </MissingDependency>
      <MissingDependency>
        <Required type="2" schemaName="msdyn_taxexemptnumber" displayName="Número de Isenção de Imposto" parentSchemaName="account" parentDisplayName="Conta" solution="FieldServiceCommon (1.0.0.217)" />
        <Dependent type="60" displayName="Conta" parentDisplayName="Conta" id="{8448b78f-8f42-454e-8e2a-f8196b0419af}" />
      </MissingDependency>
      <MissingDependency>
        <Required type="2" schemaName="msdyn_travelcharge" displayName="Cobrança de Viagem" parentSchemaName="account" parentDisplayName="Conta" solution="FieldService (8.8.0.88)" />
        <Dependent type="60" displayName="Conta" parentDisplayName="Conta" id="{8448b78f-8f42-454e-8e2a-f8196b0419af}" />
      </MissingDependency>
      <MissingDependency>
        <Required type="2" schemaName="msdyn_travelchargetype" displayName="Tipo de Cobrança de Viagem" parentSchemaName="account" parentDisplayName="Conta" solution="FieldService (8.8.0.88)" />
        <Dependent type="60" displayName="Conta" parentDisplayName="Conta" id="{8448b78f-8f42-454e-8e2a-f8196b0419af}" />
      </MissingDependency>
      <MissingDependency>
        <Required type="2" schemaName="msdyn_workhourtemplate" displayName="Modelo de Horas de Trabalho" parentSchemaName="account" parentDisplayName="Conta" solution="FieldService (8.8.0.88)" />
        <Dependent type="60" displayName="Conta" parentDisplayName="Conta" id="{8448b78f-8f42-454e-8e2a-f8196b0419af}" />
      </MissingDependency>
      <MissingDependency>
        <Required type="2" schemaName="msdyn_workorderinstructions" displayName="Instruções de Ordem de Serviço" parentSchemaName="account" parentDisplayName="Conta" solution="FieldService (8.8.0.88)" />
        <Dependent type="60" displayName="Conta" parentDisplayName="Conta" id="{8448b78f-8f42-454e-8e2a-f8196b0419af}" />
      </MissingDependency>
      <MissingDependency>
        <Required type="2" schemaName="caseorigincode" displayName="Origem" parentSchemaName="incident" parentDisplayName="Ocorrência" solution="msdynce_Service (9.0.5.56)">
          <package>msdynce_ServiceAnchor (9.0.24021.1001)</package>
        </Required>
        <Dependent type="60" displayName="Ocorrência Positive Confimation" parentDisplayName="Ocorrência" id="{b573604a-95b0-ee11-a569-6045bd397515}" />
      </MissingDependency>
      <MissingDependency>
        <Required type="2" schemaName="casetypecode" displayName="Tipo de Ocorrência" parentSchemaName="incident" parentDisplayName="Ocorrência" solution="msdynce_Service (9.0.5.56)">
          <package>msdynce_ServiceAnchor (9.0.24021.1001)</package>
        </Required>
        <Dependent type="60" displayName="Ocorrência Positive Confimation" parentDisplayName="Ocorrência" id="{b573604a-95b0-ee11-a569-6045bd397515}" />
      </MissingDependency>
      <MissingDependency>
        <Required type="2" schemaName="createdon" displayName="Created On" parentSchemaName="incident" parentDisplayName="Ocorrência" solution="msdynce_Service (9.0.5.56)">
          <package>msdynce_ServiceAnchor (9.0.24021.1001)</package>
        </Required>
        <Dependent type="60" displayName="Ocorrência Positive Confimation" parentDisplayName="Ocorrência" id="{b573604a-95b0-ee11-a569-6045bd397515}" />
      </MissingDependency>
      <MissingDependency>
        <Required type="2" schemaName="customerid" displayName="Cliente" parentSchemaName="incident" parentDisplayName="Ocorrência" solution="msdynce_Service (9.0.5.56)">
          <package>msdynce_ServiceAnchor (9.0.24021.1001)</package>
        </Required>
        <Dependent type="60" displayName="Ocorrência Positive Confimation" parentDisplayName="Ocorrência" id="{b573604a-95b0-ee11-a569-6045bd397515}" />
      </MissingDependency>
      <MissingDependency>
        <Required type="2" schemaName="description" displayName="Descrição" parentSchemaName="incident" parentDisplayName="Ocorrência" solution="msdynce_Service (9.0.5.56)">
          <package>msdynce_ServiceAnchor (9.0.24021.1001)</package>
        </Required>
        <Dependent type="60" displayName="Ocorrência Positive Confimation" parentDisplayName="Ocorrência" id="{b573604a-95b0-ee11-a569-6045bd397515}" />
      </MissingDependency>
      <MissingDependency>
        <Required type="2" schemaName="entitlementid" displayName="Direito" parentSchemaName="incident" parentDisplayName="Ocorrência" solution="msdynce_Service (9.0.5.56)">
          <package>msdynce_ServiceAnchor (9.0.24021.1001)</package>
        </Required>
        <Dependent type="60" displayName="Ocorrência Positive Confimation" parentDisplayName="Ocorrência" id="{b573604a-95b0-ee11-a569-6045bd397515}" />
      </MissingDependency>
      <MissingDependency>
        <Required type="2" schemaName="escalatedon" displayName="Escalonado Em" parentSchemaName="incident" parentDisplayName="Ocorrência" solution="msdynce_Service (9.0.5.56)">
          <package>msdynce_ServiceAnchor (9.0.24021.1001)</package>
        </Required>
        <Dependent type="60" displayName="Ocorrência Positive Confimation" parentDisplayName="Ocorrência" id="{b573604a-95b0-ee11-a569-6045bd397515}" />
      </MissingDependency>
      <MissingDependency>
        <Required type="2" schemaName="firstresponsesent" displayName="Primeira Resposta Enviada" parentSchemaName="incident" parentDisplayName="Ocorrência" solution="msdynce_Service (9.0.5.56)">
          <package>msdynce_ServiceAnchor (9.0.24021.1001)</package>
        </Required>
        <Dependent type="60" displayName="Ocorrência Positive Confimation" parentDisplayName="Ocorrência" id="{b573604a-95b0-ee11-a569-6045bd397515}" />
      </MissingDependency>
      <MissingDependency>
        <Required type="2" schemaName="followupby" displayName="Acompanhamento até" parentSchemaName="incident" parentDisplayName="Ocorrência" solution="msdynce_Service (9.0.5.56)">
          <package>msdynce_ServiceAnchor (9.0.24021.1001)</package>
        </Required>
        <Dependent type="60" displayName="Ocorrência Positive Confimation" parentDisplayName="Ocorrência" id="{b573604a-95b0-ee11-a569-6045bd397515}" />
      </MissingDependency>
      <MissingDependency>
        <Required type="2" schemaName="incidentid" displayName="Ocorrência" parentSchemaName="incident" parentDisplayName="Ocorrência" solution="msdynce_Service (9.0.5.56)">
          <package>msdynce_ServiceAnchor (9.0.24021.1001)</package>
        </Required>
        <Dependent type="10" schemaName="academy_positiveconfimation_IncidentId_incident" displayName="academy_positiveconfimation_IncidentId_incident" parentSchemaName="incident" parentDisplayName="Ocorrência" />
      </MissingDependency>
      <MissingDependency>
        <Required type="2" schemaName="incidentid" displayName="Ocorrência" parentSchemaName="incident" parentDisplayName="Ocorrência" solution="msdynce_Service (9.0.5.56)">
          <package>msdynce_ServiceAnchor (9.0.24021.1001)</package>
        </Required>
        <Dependent type="60" displayName="Ocorrência Positive Confimation" parentDisplayName="Ocorrência" id="{b573604a-95b0-ee11-a569-6045bd397515}" />
      </MissingDependency>
      <MissingDependency>
        <Required type="2" schemaName="isescalated" displayName="Foi Escalonado" parentSchemaName="incident" parentDisplayName="Ocorrência" solution="msdynce_Service (9.0.5.56)">
          <package>msdynce_ServiceAnchor (9.0.24021.1001)</package>
        </Required>
        <Dependent type="60" displayName="Ocorrência Positive Confimation" parentDisplayName="Ocorrência" id="{b573604a-95b0-ee11-a569-6045bd397515}" />
      </MissingDependency>
      <MissingDependency>
        <Required type="2" schemaName="ownerid" displayName="Owner" parentSchemaName="incident" parentDisplayName="Ocorrência" solution="msdynce_Service (9.0.5.56)">
          <package>msdynce_ServiceAnchor (9.0.24021.1001)</package>
        </Required>
        <Dependent type="60" displayName="Ocorrência Positive Confimation" parentDisplayName="Ocorrência" id="{b573604a-95b0-ee11-a569-6045bd397515}" />
      </MissingDependency>
      <MissingDependency>
        <Required type="2" schemaName="parentcaseid" displayName="Ocorrência Principal" parentSchemaName="incident" parentDisplayName="Ocorrência" solution="msdynce_Service (9.0.5.56)">
          <package>msdynce_ServiceAnchor (9.0.24021.1001)</package>
        </Required>
        <Dependent type="60" displayName="Ocorrência Positive Confimation" parentDisplayName="Ocorrência" id="{b573604a-95b0-ee11-a569-6045bd397515}" />
      </MissingDependency>
      <MissingDependency>
        <Required type="2" schemaName="prioritycode" displayName="Prioridade" parentSchemaName="incident" parentDisplayName="Ocorrência" solution="msdynce_Service (9.0.5.56)">
          <package>msdynce_ServiceAnchor (9.0.24021.1001)</package>
        </Required>
        <Dependent type="60" displayName="Ocorrência Positive Confimation" parentDisplayName="Ocorrência" id="{b573604a-95b0-ee11-a569-6045bd397515}" />
      </MissingDependency>
      <MissingDependency>
        <Required type="2" schemaName="productid" displayName="Produto" parentSchemaName="incident" parentDisplayName="Ocorrência" solution="msdynce_Service (9.0.5.56)">
          <package>msdynce_ServiceAnchor (9.0.24021.1001)</package>
        </Required>
        <Dependent type="60" displayName="Ocorrência Positive Confimation" parentDisplayName="Ocorrência" id="{b573604a-95b0-ee11-a569-6045bd397515}" />
      </MissingDependency>
      <MissingDependency>
        <Required type="2" schemaName="resolveby" displayName="Resolver por" parentSchemaName="incident" parentDisplayName="Ocorrência" solution="msdynce_Service (9.0.5.56)">
          <package>msdynce_ServiceAnchor (9.0.24021.1001)</package>
        </Required>
        <Dependent type="60" displayName="Ocorrência Positive Confimation" parentDisplayName="Ocorrência" id="{b573604a-95b0-ee11-a569-6045bd397515}" />
      </MissingDependency>
      <MissingDependency>
        <Required type="2" schemaName="responseby" displayName="Primeira Resposta por" parentSchemaName="incident" parentDisplayName="Ocorrência" solution="msdynce_Service (9.0.5.56)">
          <package>msdynce_ServiceAnchor (9.0.24021.1001)</package>
        </Required>
        <Dependent type="60" displayName="Ocorrência Positive Confimation" parentDisplayName="Ocorrência" id="{b573604a-95b0-ee11-a569-6045bd397515}" />
      </MissingDependency>
      <MissingDependency>
        <Required type="2" schemaName="statuscode" displayName="Razão do Status" parentSchemaName="incident" parentDisplayName="Ocorrência" solution="msdynce_Service (9.0.5.56)">
          <package>msdynce_ServiceAnchor (9.0.24021.1001)</package>
        </Required>
        <Dependent type="60" displayName="Ocorrência Positive Confimation" parentDisplayName="Ocorrência" id="{b573604a-95b0-ee11-a569-6045bd397515}" />
      </MissingDependency>
      <MissingDependency>
        <Required type="2" schemaName="ticketnumber" displayName="Número da Ocorrência" parentSchemaName="incident" parentDisplayName="Ocorrência" solution="msdynce_Service (9.0.5.56)">
          <package>msdynce_ServiceAnchor (9.0.24021.1001)</package>
        </Required>
        <Dependent type="60" displayName="Ocorrência Positive Confimation" parentDisplayName="Ocorrência" id="{b573604a-95b0-ee11-a569-6045bd397515}" />
      </MissingDependency>
      <MissingDependency>
        <Required type="2" schemaName="title" displayName="Título da Ocorrência" parentSchemaName="incident" parentDisplayName="Ocorrência" solution="msdynce_Service (9.0.5.56)">
          <package>msdynce_ServiceAnchor (9.0.24021.1001)</package>
        </Required>
        <Dependent type="10" schemaName="academy_positiveconfimation_IncidentId_incident" displayName="academy_positiveconfimation_IncidentId_incident" parentSchemaName="incident" parentDisplayName="Ocorrência" />
      </MissingDependency>
      <MissingDependency>
        <Required type="2" schemaName="title" displayName="Título da Ocorrência" parentSchemaName="incident" parentDisplayName="Ocorrência" solution="msdynce_Service (9.0.5.56)">
          <package>msdynce_ServiceAnchor (9.0.24021.1001)</package>
        </Required>
        <Dependent type="60" displayName="Ocorrência Positive Confimation" parentDisplayName="Ocorrência" id="{b573604a-95b0-ee11-a569-6045bd397515}" />
      </MissingDependency>
      <MissingDependency>
        <Required type="2" schemaName="traversedpath" displayName="(Deprecated) Traversed Path" parentSchemaName="incident" parentDisplayName="Ocorrência" solution="msdynce_Service (9.0.5.56)">
          <package>msdynce_ServiceAnchor (9.0.24021.1001)</package>
        </Required>
        <Dependent type="60" displayName="Ocorrência Positive Confimation" parentDisplayName="Ocorrência" id="{b573604a-95b0-ee11-a569-6045bd397515}" />
      </MissingDependency>
      <MissingDependency>
        <Required type="26" schemaName="Garantias Ativas" displayName="Garantias Ativas" parentSchemaName="msdyn_warranty" parentDisplayName="Garantia" solution="msdyn_AssetCommon (1.0.46.7)" id="{070174b8-8f77-44d1-ac5b-f617f7953a52}">
          <package>msdynce_ServiceAnchor (9.0.24021.1001)</package>
        </Required>
        <Dependent type="60" displayName="Conta" parentDisplayName="Conta" id="{8448b78f-8f42-454e-8e2a-f8196b0419af}" />
      </MissingDependency>
      <MissingDependency>
        <Required type="26" schemaName="Coberturas de Serviço Inativas" displayName="Coberturas de Serviço Inativas" parentSchemaName="msdyn_tradecoverage" parentDisplayName="Cobertura de Serviço" solution="msdyn_FieldService_patch_update (8.8.107.25)" id="{2d04551b-f57d-4097-a927-92521e638a6f}" />
        <Dependent type="60" displayName="Conta" parentDisplayName="Conta" id="{8448b78f-8f42-454e-8e2a-f8196b0419af}" />
      </MissingDependency>
      <MissingDependency>
        <Required type="26" schemaName="Seguro Ativo" displayName="Seguro Ativo" parentSchemaName="msdyn_insurance" parentDisplayName="Seguro" solution="msdyn_FieldService_patch_update (8.8.107.25)" id="{2f839d03-a901-46b6-a1a6-c5d699ac11b2}" />
        <Dependent type="60" displayName="Conta" parentDisplayName="Conta" id="{8448b78f-8f42-454e-8e2a-f8196b0419af}" />
      </MissingDependency>
      <MissingDependency>
        <Required type="26" schemaName="Exibição de Registros de Conhecimento Associados" displayName="Exibição de Registros de Conhecimento Associados" parentSchemaName="knowledgearticleincident" parentDisplayName="Incidente do Artigo da Base de Dados de Conhecimento" solution="msdynce_Service (9.0.5.56)" id="{4ce7d553-9bba-4d8f-b209-899af9d3937c}">
          <package>msdynce_ServiceAnchor (9.0.24021.1001)</package>
        </Required>
        <Dependent type="60" displayName="Ocorrência Positive Confimation" parentDisplayName="Ocorrência" id="{b573604a-95b0-ee11-a569-6045bd397515}" />
      </MissingDependency>
      <MissingDependency>
        <Required type="26" schemaName="Coberturas de Serviço da Conta" displayName="Coberturas de Serviço da Conta" parentSchemaName="msdyn_tradecoverage" parentDisplayName="Cobertura de Serviço" solution="msdyn_FieldService_patch_update (8.8.107.25)" id="{50980487-9c33-ed11-9db1-0022482aea7b}" />
        <Dependent type="60" displayName="Conta" parentDisplayName="Conta" id="{8448b78f-8f42-454e-8e2a-f8196b0419af}" />
      </MissingDependency>
      <MissingDependency>
        <Required type="26" schemaName="Exibição de Pesquisa de Produtos Ativos" displayName="Exibição de Pesquisa de Produtos Ativos" parentSchemaName="product" parentDisplayName="Produto" solution="msdynce_ProductManagement (9.0.4.0066)" id="{58afc3c5-8add-4552-98cb-473bc8f75619}">
          <package>msdynce_ProductManagementAnchor (9.0.24021.10004)</package>
        </Required>
        <Dependent type="60" displayName="Ocorrência Positive Confimation" parentDisplayName="Ocorrência" id="{b573604a-95b0-ee11-a569-6045bd397515}" />
      </MissingDependency>
      <MissingDependency>
        <Required type="26" schemaName="Ocorrências Associadas para Formulário Centrado em Interação" displayName="Ocorrências Associadas para Formulário Centrado em Interação" parentSchemaName="incident" parentDisplayName="Ocorrência" solution="msdynce_Service (9.0.5.56)" id="{65ab1a2c-1cd9-4fbe-8fd3-d52142d6b3fd}">
          <package>msdynce_ServiceAnchor (9.0.24021.1001)</package>
        </Required>
        <Dependent type="60" displayName="Ocorrência Positive Confimation" parentDisplayName="Ocorrência" id="{b573604a-95b0-ee11-a569-6045bd397515}" />
      </MissingDependency>
      <MissingDependency>
        <Required type="26" schemaName="Seguro Inativo" displayName="Seguro Inativo" parentSchemaName="msdyn_insurance" parentDisplayName="Seguro" solution="msdyn_FieldService_patch_update (8.8.107.25)" id="{78a49141-bf86-4bfe-8c6e-d08ed03bb442}" />
        <Dependent type="60" displayName="Conta" parentDisplayName="Conta" id="{8448b78f-8f42-454e-8e2a-f8196b0419af}" />
      </MissingDependency>
      <MissingDependency>
        <Required type="26" schemaName="Listas de Preços de Projeto Ativas" displayName="Listas de Preços de Projeto Ativas" parentSchemaName="msdyn_accountpricelist" parentDisplayName="Lista de Preços do Projeto da Conta" solution="ProjectService (3.10.0.31)" id="{9e8bd99a-72e8-49fe-8c6f-ec1ac8407f5a}" />
        <Dependent type="60" displayName="Conta" parentDisplayName="Conta" id="{8448b78f-8f42-454e-8e2a-f8196b0419af}" />
      </MissingDependency>
      <MissingDependency>
        <Required type="26" schemaName="Coberturas de Serviço Ativas" displayName="Coberturas de Serviço Ativas" parentSchemaName="msdyn_tradecoverage" parentDisplayName="Cobertura de Serviço" solution="msdyn_FieldService_patch_update (8.8.107.25)" id="{e60599de-acaf-445c-a301-606d70df464c}" />
        <Dependent type="60" displayName="Conta" parentDisplayName="Conta" id="{8448b78f-8f42-454e-8e2a-f8196b0419af}" />
      </MissingDependency>
      <MissingDependency>
        <Required type="26" schemaName="Direitos Válidos para Ocorrências" displayName="Direitos Válidos para Ocorrências" parentSchemaName="entitlement" parentDisplayName="Direito" solution="msdynce_Service (9.0.5.56)" id="{e7ea283b-0490-4956-939b-3325e0798fb8}">
          <package>msdynce_ServiceAnchor (9.0.24021.1001)</package>
        </Required>
        <Dependent type="60" displayName="Ocorrência Positive Confimation" parentDisplayName="Ocorrência" id="{b573604a-95b0-ee11-a569-6045bd397515}" />
      </MissingDependency>
      <MissingDependency>
        <Required type="26" schemaName="Exibição associada a correspondência" displayName="Exibição associada a correspondência" parentSchemaName="msdyn_swarm" parentDisplayName="Correspondência" solution="msdyn_Swarming (9.0.24021.1014)" id="{f4a46971-a1b8-4ec3-9f9e-30740bc8c8e2}">
          <package>msdyn_ServiceExtendedAnchor (9.0.24021.1014)</package>
        </Required>
        <Dependent type="60" displayName="Ocorrência Positive Confimation" parentDisplayName="Ocorrência" id="{b573604a-95b0-ee11-a569-6045bd397515}" />
      </MissingDependency>
      <MissingDependency>
        <Required type="26" schemaName="Ordens de Serviço Ativas" displayName="Ordens de Serviço Ativas" parentSchemaName="msdyn_workorder" parentDisplayName="Ordem de Serviço" solution="FieldService (8.8.0.88)" id="{fce37246-eba1-4e92-bb9d-f8cb3ec38e3f}" />
        <Dependent type="60" displayName="Conta" parentDisplayName="Conta" id="{8448b78f-8f42-454e-8e2a-f8196b0419af}" />
      </MissingDependency>
      <MissingDependency>
        <Required type="59" schemaName="Ocorrências Ativas por Agente" displayName="Ocorrências Ativas por Agente" parentSchemaName="incident" parentDisplayName="Ocorrência" solution="msdynce_Service (9.0.5.56)" id="{4143b74e-4a07-4d01-9ffe-2cdcaa4208fd}">
          <package>msdynce_ServiceAnchor (9.0.24021.1001)</package>
        </Required>
        <Dependent type="60" displayName="Ocorrência Positive Confimation" parentDisplayName="Ocorrência" id="{b573604a-95b0-ee11-a569-6045bd397515}" />
      </MissingDependency>
      <MissingDependency>
        <Required type="59" schemaName="Ordens de Serviço Ativas por Tipo" displayName="Ordens de Serviço Ativas por Tipo" parentSchemaName="msdyn_workorder" parentDisplayName="Ordem de Serviço" solution="FieldService (8.8.0.88)" id="{8e746648-1a4e-e111-93b3-000c2959f9b8}" />
        <Dependent type="60" displayName="Conta" parentDisplayName="Conta" id="{8448b78f-8f42-454e-8e2a-f8196b0419af}" />
      </MissingDependency>
      <MissingDependency>
        <Required type="60" displayName="Painel de Referência de Contas" parentDisplayName="Conta" solution="msdynce_AppCommon (9.0.4.0066)" id="{098ae145-1567-41ec-8398-86dbaac70c9b}">
          <package>msdynce_AppCommonAnchor (9.0.24021.10002)</package>
        </Required>
        <Dependent type="80" schemaName="academy_PositiveConfimationParameter" displayName="Confirmação Positiva" />
      </MissingDependency>
      <MissingDependency>
        <Required type="60" displayName="Perfis Sociais" parentDisplayName="Conta" solution="msdynce_AppCommon (9.0.4.0066)" id="{2205c86d-ed88-4a2f-a447-3b86a8781f2e}">
          <package>msdynce_AppCommonAnchor (9.0.24021.10002)</package>
        </Required>
        <Dependent type="80" schemaName="academy_PositiveConfimationParameter" displayName="Confirmação Positiva" />
      </MissingDependency>
      <MissingDependency>
        <Required type="60" displayName="cartão do contato da conta" parentDisplayName="Contato" solution="msdynce_AppCommon (9.0.4.0066)" id="{29de27bc-a257-4f29-99cf-bab4a84e688f}">
          <package>msdynce_AppCommonAnchor (9.0.24021.10002)</package>
        </Required>
        <Dependent type="60" displayName="Conta" parentDisplayName="Conta" id="{8448b78f-8f42-454e-8e2a-f8196b0419af}" />
      </MissingDependency>
      <MissingDependency>
        <Required type="60" displayName="Ocorrências Recentes e Direitos" parentDisplayName="Conta" solution="msdynce_Service (9.0.5.56)" id="{43300723-f867-420b-ab28-976a4d12e6c4}">
          <package>msdynce_ServiceAnchor (9.0.24021.1001)</package>
        </Required>
        <Dependent type="80" schemaName="academy_PositiveConfimationParameter" displayName="Confirmação Positiva" />
      </MissingDependency>
      <MissingDependency>
        <Required type="60" displayName="Ocorrências do Cliente" parentDisplayName="Conta" solution="OmnichannelPrime (1.10.0.22)" id="{48028ae0-bf87-48c9-adf6-3dc9f29d7661}">
          <package>OmnichannelPrimeAnchor (1.5.26.122)</package>
        </Required>
        <Dependent type="80" schemaName="academy_PositiveConfimationParameter" displayName="Confirmação Positiva" />
      </MissingDependency>
      <MissingDependency>
        <Required type="60" displayName="Formulário de Bloco de Hierarquia de Contas" parentDisplayName="Conta" solution="msdynce_AppCommon (9.0.4.0066)" id="{69cff312-cfb6-4289-9631-249ab85d2c62}">
          <package>msdynce_AppCommonAnchor (9.0.24021.10002)</package>
        </Required>
        <Dependent type="80" schemaName="academy_PositiveConfimationParameter" displayName="Confirmação Positiva" />
      </MissingDependency>
      <MissingDependency>
        <Required type="60" displayName="Visualização Rápida da Conta do App for Outlook" parentDisplayName="Conta" solution="AppforOutlookPatch (1.2.402)" id="{76b81f10-2a08-4f1a-9454-ee38bea94eb5}" />
        <Dependent type="80" schemaName="academy_PositiveConfimationParameter" displayName="Confirmação Positiva" />
      </MissingDependency>
      <MissingDependency>
        <Required type="60" displayName="Conta" parentDisplayName="Conta" solution="msdynce_AppCommon (9.0.4.0066)" id="{8448b78f-8f42-454e-8e2a-f8196b0419af}">
          <package>msdynce_AppCommonAnchor (9.0.24021.10002)</package>
        </Required>
        <Dependent type="60" displayName="Conta" parentDisplayName="Conta" id="{8448b78f-8f42-454e-8e2a-f8196b0419af}" />
      </MissingDependency>
      <MissingDependency>
        <Required type="60" displayName="Cartão de Resumo de Conta" parentDisplayName="Conta" solution="FieldService (8.8.0.88)" id="{894155a3-95d5-4881-b9c3-04444cef1bcc}" />
        <Dependent type="80" schemaName="academy_PositiveConfimationParameter" displayName="Confirmação Positiva" />
      </MissingDependency>
      <MissingDependency>
        <Required type="60" displayName="cartão da conta" parentDisplayName="Conta" solution="msdynce_AppCommon (9.0.4.0066)" id="{b028db32-3619-48a5-ac51-cf3f947b0ef3}">
          <package>msdynce_AppCommonAnchor (9.0.24021.10002)</package>
        </Required>
        <Dependent type="80" schemaName="academy_PositiveConfimationParameter" displayName="Confirmação Positiva" />
      </MissingDependency>
      <MissingDependency>
        <Required type="60" displayName="Criação Rápida de Conta" parentDisplayName="Conta" solution="msdynce_AppCommon (9.0.4.0066)" id="{c9e7ec2d-efca-4e4c-b3e3-f63c4bba5e4b}">
          <package>msdynce_AppCommonAnchor (9.0.24021.10002)</package>
        </Required>
        <Dependent type="80" schemaName="academy_PositiveConfimationParameter" displayName="Confirmação Positiva" />
      </MissingDependency>
      <MissingDependency>
        <Required type="60" displayName="Formulário Cartão de Conta" parentDisplayName="Conta" solution="msdynce_AppCommon (9.0.4.0066)" id="{cccff382-2b92-467e-bf1b-3db179512af8}">
          <package>msdynce_AppCommonAnchor (9.0.24021.10002)</package>
        </Required>
        <Dependent type="80" schemaName="academy_PositiveConfimationParameter" displayName="Confirmação Positiva" />
      </MissingDependency>
      <MissingDependency>
        <Required type="60" displayName="Criação Rápida de Conta – Field Service" parentDisplayName="Conta" solution="msdyn_FieldService_patch_update (8.8.107.25)" id="{e40cb98a-e5a5-4d22-93fd-7d1f0c0cf060}" />
        <Dependent type="80" schemaName="academy_PositiveConfimationParameter" displayName="Confirmação Positiva" />
      </MissingDependency>
      <MissingDependency>
        <Required type="60" displayName="Perfil do cliente" parentDisplayName="Conta" solution="OmnichannelBase (1.10.0.71)" id="{e9a9c8a9-e94d-47a9-a6c3-ec37ddb83b99}">
          <package>UnifiedRoutingPrimeAnchor (1.5.26.83)</package>
        </Required>
        <Dependent type="80" schemaName="academy_PositiveConfimationParameter" displayName="Confirmação Positiva" />
      </MissingDependency>
      <MissingDependency>
        <Required type="60" displayName="Cartão de Conta do App for Outlook" parentDisplayName="Conta" solution="AppforOutlookPatch (1.2.402)" id="{fb65cc73-181c-468b-9bb3-82ecde306991}" />
        <Dependent type="80" schemaName="academy_PositiveConfimationParameter" displayName="Confirmação Positiva" />
      </MissingDependency>
      <MissingDependency>
        <Required type="61" schemaName="msdyn_/Account/Account.Library.js" displayName="msdyn_/Account/Account.Library.js" solution="FieldService (8.8.0.88)" />
        <Dependent type="60" displayName="Conta" parentDisplayName="Conta" id="{8448b78f-8f42-454e-8e2a-f8196b0419af}" />
      </MissingDependency>
      <MissingDependency>
        <Required type="61" schemaName="msdyn_/Account/AssetCommon.Account.Library.js" displayName="msdyn_/Account/AssetCommon.Account.Library.js" solution="msdyn_AssetCommon (1.0.46.7)">
          <package>msdynce_ServiceAnchor (9.0.24021.1001)</package>
        </Required>
        <Dependent type="60" displayName="Conta" parentDisplayName="Conta" id="{8448b78f-8f42-454e-8e2a-f8196b0419af}" />
      </MissingDependency>
      <MissingDependency>
        <Required type="61" schemaName="msdyn_/Images/AppModule_Default_Icon.png" displayName="msdyn_/Images/AppModule_Default_Icon.png" solution="AppModuleWebResources (2.5)" />
        <Dependent type="80" schemaName="academy_PositiveConfimationParameter" displayName="Confirmação Positiva" />
      </MissingDependency>
      <MissingDependency>
        <Required type="61" schemaName="msdyn_/Libraries/require/require.js" displayName="msdyn_/Libraries/require/require.js" solution="ProjectService (3.10.0.31)" />
        <Dependent type="60" displayName="Conta" parentDisplayName="Conta" id="{8448b78f-8f42-454e-8e2a-f8196b0419af}" />
      </MissingDependency>
      <MissingDependency>
        <Required type="61" schemaName="msdyn_/Utils/FieldServiceTrial.js" displayName="msdyn_/Utils/FieldServiceTrial.js" solution="FieldService (8.8.0.88)" />
        <Dependent type="60" displayName="Conta" parentDisplayName="Conta" id="{8448b78f-8f42-454e-8e2a-f8196b0419af}" />
      </MissingDependency>
      <MissingDependency>
        <Required type="61" schemaName="msdyn_CopilotCaseSummaryLibrary.js" displayName="msdyn_CopilotCaseSummaryLibrary.js" solution="msdyn_CSIntelligence (9.1.24021.1018)">
          <package>msdyn_ServiceExtendedAnchor (9.0.24021.1014)</package>
        </Required>
        <Dependent type="60" displayName="Ocorrência Positive Confimation" parentDisplayName="Ocorrência" id="{b573604a-95b0-ee11-a569-6045bd397515}" />
      </MissingDependency>
      <MissingDependency>
        <Required type="61" schemaName="msdyn_SalesOmniChannel/SalesPhoneNumber.Library.js" displayName="msdyn_SalesOmniChannel/SalesPhoneNumber.Library.js" solution="msdyn_SalesOmniChannel (9.1.24021.10009)">
          <package>msdyn_AcceleratedSalesAnchor (9.1.24021.10009)</package>
        </Required>
        <Dependent type="60" displayName="Conta" parentDisplayName="Conta" id="{8448b78f-8f42-454e-8e2a-f8196b0419af}" />
      </MissingDependency>
      <MissingDependency>
        <Required type="61" schemaName="Swarming/msdyn_Swarming.js" displayName="Swarming/msdyn_Swarming.js" solution="msdyn_Swarming (9.0.24021.1014)">
          <package>msdyn_ServiceExtendedAnchor (9.0.24021.1014)</package>
        </Required>
        <Dependent type="60" displayName="Ocorrência Positive Confimation" parentDisplayName="Ocorrência" id="{b573604a-95b0-ee11-a569-6045bd397515}" />
      </MissingDependency>
      <MissingDependency>
        <Required type="61" schemaName="SwarmingForCS/msdyn_SwarmingForCS.js" displayName="SwarmingForCS/msdyn_SwarmingForCS.js" solution="msdyn_SwarmingForCS (9.0.24021.1014)">
          <package>msdyn_ServiceExtendedAnchor (9.0.24021.1014)</package>
        </Required>
        <Dependent type="60" displayName="Ocorrência Positive Confimation" parentDisplayName="Ocorrência" id="{b573604a-95b0-ee11-a569-6045bd397515}" />
      </MissingDependency>
      <MissingDependency>
        <Required type="66" schemaName="Microsoft.AddressInputUCI" displayName="Microsoft.AddressInputUCI" solution="BaseCustomControlsCore (9.0.2402.1017)" />
        <Dependent type="60" displayName="Conta" parentDisplayName="Conta" id="{8448b78f-8f42-454e-8e2a-f8196b0419af}" />
      </MissingDependency>
      <MissingDependency>
        <Required type="66" schemaName="MscrmControls.CardFeedContainer.CardFeedContainer" displayName="MscrmControls.CardFeedContainer.CardFeedContainer" solution="BaseCustomControlsCore (9.0.2402.1017)" />
        <Dependent type="60" displayName="Conta" parentDisplayName="Conta" id="{8448b78f-8f42-454e-8e2a-f8196b0419af}" />
      </MissingDependency>
      <MissingDependency>
        <Required type="66" schemaName="MscrmControls.CSIntelligence.CopilotCaseSummaryControl" displayName="MscrmControls.CSIntelligence.CopilotCaseSummaryControl" solution="msdyn_CSIntelligence (9.1.24021.1018)">
          <package>msdyn_ServiceExtendedAnchor (9.0.24021.1014)</package>
        </Required>
        <Dependent type="60" displayName="Ocorrência Positive Confimation" parentDisplayName="Ocorrência" id="{b573604a-95b0-ee11-a569-6045bd397515}" />
      </MissingDependency>
      <MissingDependency>
        <Required type="66" schemaName="msdyn_MscrmControls.TreeView.TreeViewControl" displayName="msdyn_MscrmControls.TreeView.TreeViewControl" solution="msdyn_AssetCommon (1.0.46.7)">
          <package>msdynce_ServiceAnchor (9.0.24021.1001)</package>
        </Required>
        <Dependent type="60" displayName="Conta" parentDisplayName="Conta" id="{8448b78f-8f42-454e-8e2a-f8196b0419af}" />
      </MissingDependency>
      <MissingDependency>
        <Required type="66" schemaName="msdyn_SalesOmniChannel.SalesPhoneNumberControl" displayName="msdyn_SalesOmniChannel.SalesPhoneNumberControl" solution="msdyn_SalesOmniChannel (9.1.24021.10009)">
          <package>msdyn_AcceleratedSalesAnchor (9.1.24021.10009)</package>
        </Required>
        <Dependent type="60" displayName="Conta" parentDisplayName="Conta" id="{8448b78f-8f42-454e-8e2a-f8196b0419af}" />
      </MissingDependency>
    </MissingDependencies>
  </SolutionManifest>
</ImportExportXml>