<manifest><control namespace="PcfAcademy" constructor="AnalysisPositiveConfirmation" version="0.0.1" display-name-key="AnalysisPositiveConfirmation" description-key="AnalysisPositiveConfirmation description" control-type="virtual" api-version="1.3.10"><external-service-usage enabled="false" /><data-set name="PositiveConfirmationDataSet" display-name-key="Dataset_Display_Key" /><resources><code path="bundle.js" order="1" /><platform-library name="React" version="16.8.6" /><platform-library name="Fluent" version="8.29.0" /></resources><built-by name="pac" version="1.29.9" /></control></manifest>