<manifest><control namespace="PcfAcademy" constructor="MaskText" version="0.0.1" display-name-key="MaskText" description-key="MaskText description" control-type="virtual" api-version="1.3.11"><external-service-usage enabled="false" /><property name="dado" display-name-key="dado_Key" description-key="dado a ser aplicado a mascara" of-type="SingleLine.Text" usage="bound" required="true" /><property name="mascara" display-name-key="mascara_Key" description-key="possibilidades mascaras numérica utilize o número 9 exemplo (99) 99999-9999" of-type="SingleLine.Text" usage="input" required="true" /><resources><code path="bundle.js" order="1" /><platform-library name="React" version="16.8.6" /><platform-library name="Fluent" version="8.29.0" /></resources><built-by name="pac" version="1.30.2" /></control></manifest>