<manifest><control namespace="PcfAcademy" constructor="AnalysisAccount" version="0.0.3" display-name-key="AnalysisAccount" description-key="AnalysisAccount description" control-type="virtual" api-version="1.3.11"><external-service-usage enabled="false" /><data-set name="accountDataSet" display-name-key="account_Dataset_Display_Key" cds-data-set-options="displayCommandBar:true;displayViewSelector:true;displayQuickFindSearch:true" /><property name="fieldChart" display-name-key="fieldChart_key" description-key="fieldChart" of-type="SingleLine.Text" usage="input" required="true" /><resources><code path="bundle.js" order="1" /><platform-library name="React" version="16.8.6" /><platform-library name="Fluent" version="8.29.0" /></resources><feature-usage><uses-feature name="Device.captureAudio" required="true" /><uses-feature name="Device.captureImage" required="true" /><uses-feature name="Device.captureVideo" required="true" /><uses-feature name="Device.getBarcodeValue" required="true" /><uses-feature name="Device.getCurrentPosition" required="true" /><uses-feature name="Device.pickFile" required="true" /><uses-feature name="Utility" required="true" /><uses-feature name="WebAPI" required="true" /></feature-usage><built-by name="pac" version="1.30.2" /></control></manifest>